{
    "success": false,
    "note": 20,
    "jeux_de_donnees": [
        {
            "name": "Listes originales",
            "list_1": [
                31.29,
                11.3,
                85.39,
                65.46,
                2.78,
                35.34,
                8.91,
                81.53,
                87.75,
                41.39,
                59.09,
                7.61,
                5.04,
                92.14,
                16.94
            ],
            "list_2": [
                95.45,
                85.83,
                8.1,
                71.83,
                91.56,
                91.93,
                22.95,
                45.37,
                65.15,
                90.09,
                53.02,
                74.74,
                50.04,
                49.89,
                62.39
            ],
            "hidden": false,
            "validation": true,
            "resultat_utilisateur": 35810.4175,
            "correction": 35810.4175,
            "impact": 10
        },
        {
            "name": "2\u00e8mes sets de listes originales (cach\u00e9es)",
            "list_1": [
                12.34,
                45.67,
                89.01,
                23.45,
                67.89,
                10.11,
                56.78,
                90.12,
                34.56,
                78.9,
                12.34,
                56.78,
                90.12,
                34.56,
                78.9
            ],
            "list_2": [
                98.76,
                54.32,
                10.98,
                76.54,
                32.1,
                89.87,
                43.21,
                12.34,
                56.78,
                90.12,
                12.34,
                56.78,
                90.12,
                34.56,
                78.9
            ],
            "hidden": false,
            "validation": true,
            "resultat_utilisateur": 41115.33170000001,
            "correction": 41115.33170000001,
            "impact": 5
        },
        {
            "name": "2\u00e8mes sets de listes originales (cach\u00e9es)",
            "list_1": [
                4.56,
                78.12,
                23.98,
                65.43,
                87.65,
                12.34,
                56.78,
                90.12,
                34.56,
                78.9,
                12.34,
                56.78,
                90.12,
                34.56,
                78.9
            ],
            "list_2": [
                76.54,
                32.1,
                89.87,
                43.21,
                12.34,
                56.78,
                90.12,
                34.56,
                78.9,
                12.34,
                56.78,
                90.12,
                34.56,
                78.9,
                12.34
            ],
            "hidden": false,
            "validation": true,
            "resultat_utilisateur": 34185.86029999999,
            "correction": 34185.86029999999,
            "impact": 5
        }
    ],
    "contraintes": [
        {
            "name": "Pas de numpy",
            "validation": true,
            "message": "Vous avez utilis\u00e9 la biblioth\u00e8que numpy. L'exercice n'est pas valid\u00e9",
            "impact": 20
        }
    ],
    "console": {
        "type": null,
        "message": []
    }
}